,Actual,Predicted
0,"[[6.63300e+03]
 [1.62936e+05]
 [5.38569e+05]
 [1.66378e+05]
 [1.40734e+05]
 [6.71638e+05]
 [7.73000e+03]
 [3.00000e+00]
 [1.24114e+05]
 [2.06696e+05]
 [1.70000e+01]
 [6.00000e+00]
 [1.78336e+05]
 [3.81094e+05]
 [0.00000e+00]
 [6.00000e+00]
 [1.60093e+05]
 [1.64801e+05]
 [1.43845e+05]
 [1.38421e+05]
 [5.13034e+05]
 [5.70000e+01]
 [1.54591e+05]
 [4.45500e+04]
 [1.91295e+05]
 [5.42300e+03]
 [1.00000e+02]
 [1.20804e+05]
 [1.70094e+05]]","[[ 43804.3871405 ]
 [214915.83214404]
 [370929.20847081]
 [224981.2112619 ]
 [141103.05194644]
 [389382.40352021]
 [ 45481.95032681]
 [-38396.20898866]
 [110906.91459287]
 [293761.30190058]
 [ 11930.68660062]
 [-24975.70349818]
 [258532.47498808]
 [347443.32386248]
 [-53494.27766544]
 [-23298.14031187]
 [204850.45302619]
 [221626.08488928]
 [152845.9942506 ]
 [132715.23601489]
 [367574.08209819]
 [ 15285.81297324]
 [186397.25797679]
 [ 67290.27174883]
 [278663.2332238 ]
 [ 42126.82395419]
 [ 16963.37615955]
 [107551.78822025]
 [236724.15356606]]"
