,Actual,Predicted
0,"[[6.674458e+06]
 [1.551853e+06]
 [5.825940e+05]
 [4.660330e+05]
 [1.400000e+01]
 [2.094069e+06]
 [0.000000e+00]
 [4.495014e+06]
 [1.180634e+06]
 [7.233043e+06]
 [1.897838e+06]
 [1.500000e+01]
 [1.500000e+01]
 [1.721750e+06]
 [5.300000e+01]
 [1.872660e+06]
 [1.347916e+06]
 [7.606594e+06]
 [1.200000e+01]
 [2.674700e+04]
 [7.596870e+05]
 [5.000000e+00]
 [1.831821e+06]
 [2.422310e+06]
 [1.699933e+06]
 [5.961582e+06]
 [1.979850e+06]
 [6.857967e+06]
 [6.150655e+06]]","[[ 5829545.61318127]
 [ 2387991.52625574]
 [ 1326845.68278704]
 [ 1212127.21322285]
 [ -422610.97806677]
 [ 3104981.9610319 ]
 [-1254319.88240711]
 [ 4424244.36102002]
 [ 1929117.64799901]
 [ 6202380.63926487]
 [ 2846865.40451248]
 [ -393931.36067573]
 [ -365251.74328468]
 [ 2617428.46538411]
 [  -78455.56937422]
 [ 2818185.78712143]
 [ 2129874.96973633]
 [ 6431817.57839324]
 [ -594688.68241305]
 [  667214.48279298]
 [ 1498923.38713331]
 [ -852805.23893246]
 [ 2760826.55233934]
 [ 3420457.7523334 ]
 [ 2588748.84799307]
 [ 5284632.8827514 ]
 [ 2961583.87407667]
 [ 5944264.08274546]
 [ 5428030.96970663]]"
